subentry,X4file,target,reaction,measure,description,ENmin,ENmax,rows,uncertainties,authors,year,reference
"A1014010","A1014.x4","He-3","A,EL","DA","Differential c/s with respect to angle for 3He(alpha,Elastic)3He","5.94","7.9","90"," ","M.Ivanovich,P.G.Young,G.G.Ohlsen","1968","Nuclear Physics,Section A 110,(2),441 (1968)"
"A1087003","A1087.x4","He-3","A,G","CS","Cross section for 3He(alpha,gamma)7Be","0.481","1.325","5"," ","H.D.Holmgren,R.L.Johnston","1959","Physical Review 113,(6),1556 (1959)"
"A1087003","A1087.x4","He-3","A,G","CS","Cross section for 3He(alpha,gamma)7Be","0.481","1.325","5"," ","H.D.Holmgren,R.L.Johnston","1959","Physical Review 113,(6),1556 (1959)"
"A1088002","A1088.x4","He-3","A,G","CS","Cross section for 3He(alpha,gamma)7Be","0.1867","2.495","43"," ","P.D.Parker,R.W.Kavanagh","1963","Physical Review 131,(6),2578 (1963)"
"A1088002","A1088.x4","He-3","A,G","CS","Cross section for 3He(alpha,gamma)7Be","0.1867","2.495","43"," ","P.D.Parker,R.W.Kavanagh","1963","Physical Review 131,(6),2578 (1963)"
"A1128002","A1128.x4","He-3","A,G","CS","Cross section for 3He(alpha,gamma)7Be","0.1635","0.2469","7"," ","K.Nagatani,M.R.Dwarakanath,D.Ashery","1969","Nuclear Physics,Section A 128,(1),325 (1969)"
"A1128002","A1128.x4","He-3","A,G","CS","Cross section for 3He(alpha,gamma)7Be","0.1635","0.2469","7"," ","K.Nagatani,M.R.Dwarakanath,D.Ashery","1969","Nuclear Physics,Section A 128,(1),325 (1969)"
"A1205002","A1205.x4","He-3","A,G","CS","S-factor Cross section for 3He(alpha,gamma)7Be","0.1072","1.266","39"," ","H.Krawinkel,H.W.Becker,L.Buchmann,J.Gorres,K.U.Kettner,W.E.Kieser,R.Santo,P.Schmalbrock,H.P.Trautvetter,A.Vlieks,C.Rolfs,J.W.Hammer,R.E.Azuma,W.S.Rodney","1982","Zeitschrift fuer Physik,Section A 304,(4),307 (1982)"
"A1205002","A1205.x4","He-3","A,G","CS","S-factor Cross section for 3He(alpha,gamma)7Be","0.1072","1.266","39"," ","H.Krawinkel,H.W.Becker,L.Buchmann,J.Gorres,K.U.Kettner,W.E.Kieser,R.Santo,P.Schmalbrock,H.P.Trautvetter,A.Vlieks,C.Rolfs,J.W.Hammer,R.E.Azuma,W.S.Rodney","1982","Zeitschrift fuer Physik,Section A 304,(4),307 (1982)"
"A1219002","A1219.x4","He-3","A,EL","DA","Differential c/s with respect to angle for 3He(alpha,Elastic)3He","17.79","30.0","280"," ","C.G.Jacobs Jr,R.E.Brown","1970","Physical Review,Part C,Nuclear Physics 1,1615 (1970)"
"A1240002","A1240.x4","He-3","A,G","CS","Cross section for 3He(alpha,gamma)7Be","0.897","0.897","1"," ","R.G.H.Robertson,P.Dyer,T.J.Bowles,R.E.Brown,N.Jarmie,C.J.Maggiore,S.M.Austin","1983","Physical Review,Part C,Nuclear Physics 27,(1),11 (1983)"
"A1240002","A1240.x4","He-3","A,G","CS","Cross section for 3He(alpha,gamma)7Be","0.897","0.897","1"," ","R.G.H.Robertson,P.Dyer,T.J.Bowles,R.E.Brown,N.Jarmie,C.J.Maggiore,S.M.Austin","1983","Physical Review,Part C,Nuclear Physics 27,(1),11 (1983)"
"A1258002","A1258.x4","He-3","A,G","CS","S-factor Cross section for 3He(alpha,gamma)7Be","0.0","0","2"," ","H.Volk,H.Kravinkel,R.Santo,L.Wallek","1983","Zeitschrift fuer Physik,Section A 310,91 (1983)"
"A1258002","A1258.x4","He-3","A,G","CS","S-factor Cross section for 3He(alpha,gamma)7Be","0.0","0","2"," ","H.Volk,H.Kravinkel,R.Santo,L.Wallek","1983","Zeitschrift fuer Physik,Section A 310,91 (1983)"
"A1289002","A1289.x4","He-3","A,G","CS","Cross section for 3He(alpha,gamma)7Be","0.4377","0.6645","4"," ","M.Hilgemeier,H.W.Becker,C.Rolfs,H.P.Trautvetter,J.W.Hammer","1988","Zeitschrift fuer Physik,Section A 329,(2),243 (1988)"
"A1289002","A1289.x4","He-3","A,G","CS","Cross section for 3He(alpha,gamma)7Be","0.4377","0.6645","4"," ","M.Hilgemeier,H.W.Becker,C.Rolfs,H.P.Trautvetter,J.W.Hammer","1988","Zeitschrift fuer Physik,Section A 329,(2),243 (1988)"
"A1312002","A1312.x4","He-3","A,G","CS","Cross section for 3He(alpha,gamma)7Be","0.1814","0.3871","5"," ","P.D.Parker","1969","Private communication: Parker  (1969)"
"A1312002","A1312.x4","He-3","A,G","CS","Cross section for 3He(alpha,gamma)7Be","0.1814","0.3871","5"," ","P.D.Parker","1969","Private communication: Parker  (1969)"
"C0737002","C0737.x4","He-3","A,G","CS","Cross section for 3He(alpha,gamma)7Be","0.1655","1.169","19"," ","J.L.Osborne,C.A.Barnes,R.W.Kavannagh,R.M.Kremer,G.J.Mathews,J.L.Zyskind,P.D.Parker,A.J.Howard","1984","Nuclear Physics,Section A 419,115 (1984); Thesis or dissertation: Osborne  (1983)"
"C0737002","C0737.x4","He-3","A,G","CS","Cross section for 3He(alpha,gamma)7Be","0.1655","1.169","19"," ","J.L.Osborne,C.A.Barnes,R.W.Kavannagh,R.M.Kremer,G.J.Mathews,J.L.Zyskind,P.D.Parker,A.J.Howard","1984","Nuclear Physics,Section A 419,115 (1984); Thesis or dissertation: Osborne  (1983)"
"C0737003","C0737.x4","He-3","A,G","CS","Cross section for 3He(alpha,gamma)7Be","0.9470000000000001","1.2550000000000001","2"," ","J.L.Osborne,C.A.Barnes,R.W.Kavannagh,R.M.Kremer,G.J.Mathews,J.L.Zyskind,P.D.Parker,A.J.Howard","1984","Nuclear Physics,Section A 419,115 (1984); Thesis or dissertation: Osborne  (1983)"
"C0737003","C0737.x4","He-3","A,G","CS","Cross section for 3He(alpha,gamma)7Be","0.9470000000000001","1.2550000000000001","2"," ","J.L.Osborne,C.A.Barnes,R.W.Kavannagh,R.M.Kremer,G.J.Mathews,J.L.Zyskind,P.D.Parker,A.J.Howard","1984","Nuclear Physics,Section A 419,115 (1984); Thesis or dissertation: Osborne  (1983)"
"C0737004","C0737.x4","He-3","A,G","CS","(( Partial cross section for 3He(alpha,gamma)7Be )//( Partial cross section for 3He(alpha,gamma)7Be ))","0.1655","1.169","19"," ","J.L.Osborne,C.A.Barnes,R.W.Kavannagh,R.M.Kremer,G.J.Mathews,J.L.Zyskind,P.D.Parker,A.J.Howard","1984","Nuclear Physics,Section A 419,115 (1984); Thesis or dissertation: Osborne  (1983)"
"C0737004","C0737.x4","He-3","A,G","CS","(( Partial cross section for 3He(alpha,gamma)7Be )//( Partial cross section for 3He(alpha,gamma)7Be ))","0.1655","1.169","19"," ","J.L.Osborne,C.A.Barnes,R.W.Kavannagh,R.M.Kremer,G.J.Mathews,J.L.Zyskind,P.D.Parker,A.J.Howard","1984","Nuclear Physics,Section A 419,115 (1984); Thesis or dissertation: Osborne  (1983)"
"C1610002","C1610.x4","He-3","A,G","CS","S-factor Cross section for 3He(alpha,gamma)7Be","0.3274","1.2347","8"," ","T.A.D.Brown,C.Bordeanu,K.A.Snover,D.W.Storm,D.Melconian,A.L.Sallaska,S.K.L.Sjue,S.Triambak","2007","Physical Review,Part C,Nuclear Physics 76,055801 (2007)"
"C1610002","C1610.x4","He-3","A,G","CS","S-factor Cross section for 3He(alpha,gamma)7Be","0.3274","1.2347","8"," ","T.A.D.Brown,C.Bordeanu,K.A.Snover,D.W.Storm,D.Melconian,A.L.Sallaska,S.K.L.Sjue,S.Triambak","2007","Physical Review,Part C,Nuclear Physics 76,055801 (2007)"
"C1610003","C1610.x4","He-3","A,G","CS","S-factor Cross section for 3He(alpha,gamma)7Be","0.3274","1.2347","8"," ","T.A.D.Brown,C.Bordeanu,K.A.Snover,D.W.Storm,D.Melconian,A.L.Sallaska,S.K.L.Sjue,S.Triambak","2007","Physical Review,Part C,Nuclear Physics 76,055801 (2007)"
"C1610003","C1610.x4","He-3","A,G","CS","S-factor Cross section for 3He(alpha,gamma)7Be","0.3274","1.2347","8"," ","T.A.D.Brown,C.Bordeanu,K.A.Snover,D.W.Storm,D.Melconian,A.L.Sallaska,S.K.L.Sjue,S.Triambak","2007","Physical Review,Part C,Nuclear Physics 76,055801 (2007)"
"C1610004","C1610.x4","He-3","A,G","CS","S-factor Cross section for 3He(alpha,gamma)7Be","0.0","0","1"," ","T.A.D.Brown,C.Bordeanu,K.A.Snover,D.W.Storm,D.Melconian,A.L.Sallaska,S.K.L.Sjue,S.Triambak","2007","Physical Review,Part C,Nuclear Physics 76,055801 (2007)"
"C1610004","C1610.x4","He-3","A,G","CS","S-factor Cross section for 3He(alpha,gamma)7Be","0.0","0","1"," ","T.A.D.Brown,C.Bordeanu,K.A.Snover,D.W.Storm,D.Melconian,A.L.Sallaska,S.K.L.Sjue,S.Triambak","2007","Physical Review,Part C,Nuclear Physics 76,055801 (2007)"
"C1729002","C1729.x4","He-3","A,G","CS","Cross section for 3He(alpha,gamma)7Be","0.7010000000000001","3.13","48"," ","A.Di Leva,L.Gialanella,R.Kunz,D.Rogalla,D.Schurmann,F.Strieder,M.De Cesare,N.De Cesare,A.D'Onofrio,Z.Fulop,G.Gyurky,G.Imbriani,G.Mangano,A.Ordine,V.Roca,C.Rolfs,M.Romano,E.Somorjai,F.Terrasi","2009","Physical Review Letters 102,232502 (2009); Physical Review Letters 103,159903 (2009)"
"C1729002","C1729.x4","He-3","A,G","CS","Cross section for 3He(alpha,gamma)7Be","0.7010000000000001","3.13","48"," ","A.Di Leva,L.Gialanella,R.Kunz,D.Rogalla,D.Schurmann,F.Strieder,M.De Cesare,N.De Cesare,A.D'Onofrio,Z.Fulop,G.Gyurky,G.Imbriani,G.Mangano,A.Ordine,V.Roca,C.Rolfs,M.Romano,E.Somorjai,F.Terrasi","2009","Physical Review Letters 102,232502 (2009); Physical Review Letters 103,159903 (2009)"
"C1729003","C1729.x4","He-3","A,G","CS","Cross section for 3He(alpha,gamma)7Be","1.102","2.507","6"," ","A.Di Leva,L.Gialanella,R.Kunz,D.Rogalla,D.Schurmann,F.Strieder,M.De Cesare,N.De Cesare,A.D'Onofrio,Z.Fulop,G.Gyurky,G.Imbriani,G.Mangano,A.Ordine,V.Roca,C.Rolfs,M.Romano,E.Somorjai,F.Terrasi","2009","Physical Review Letters 102,232502 (2009); Physical Review Letters 103,159903 (2009)"
"C1729003","C1729.x4","He-3","A,G","CS","Cross section for 3He(alpha,gamma)7Be","1.102","2.507","6"," ","A.Di Leva,L.Gialanella,R.Kunz,D.Rogalla,D.Schurmann,F.Strieder,M.De Cesare,N.De Cesare,A.D'Onofrio,Z.Fulop,G.Gyurky,G.Imbriani,G.Mangano,A.Ordine,V.Roca,C.Rolfs,M.Romano,E.Somorjai,F.Terrasi","2009","Physical Review Letters 102,232502 (2009); Physical Review Letters 103,159903 (2009)"
"C1729004","C1729.x4","He-3","A,G","CS","Cross section for 3He(alpha,gamma)7Be","0.65","2.504","3"," ","A.Di Leva,L.Gialanella,R.Kunz,D.Rogalla,D.Schurmann,F.Strieder,M.De Cesare,N.De Cesare,A.D'Onofrio,Z.Fulop,G.Gyurky,G.Imbriani,G.Mangano,A.Ordine,V.Roca,C.Rolfs,M.Romano,E.Somorjai,F.Terrasi","2009","Physical Review Letters 102,232502 (2009); Physical Review Letters 103,159903 (2009)"
"C1729004","C1729.x4","He-3","A,G","CS","Cross section for 3He(alpha,gamma)7Be","0.65","2.504","3"," ","A.Di Leva,L.Gialanella,R.Kunz,D.Rogalla,D.Schurmann,F.Strieder,M.De Cesare,N.De Cesare,A.D'Onofrio,Z.Fulop,G.Gyurky,G.Imbriani,G.Mangano,A.Ordine,V.Roca,C.Rolfs,M.Romano,E.Somorjai,F.Terrasi","2009","Physical Review Letters 102,232502 (2009); Physical Review Letters 103,159903 (2009)"
"D4289002","D4289.x4","He-3","A,G","CS","Cross section for 3He(alpha,gamma)7Be","1.473","2.527","5"," ","C.Bordeanu,Gy.Gyurky,Z.Halasz,T.Szucs,G.G.Kiss,Z.Elekes,J.Farkas,Zs.Fulop,E.Somorjai","2013","Nuclear Physics,Section A 908,1 (2013); Report containing conference proc.: AIP-1491 281 (2012)"
"D4289002","D4289.x4","He-3","A,G","CS","Cross section for 3He(alpha,gamma)7Be","1.473","2.527","5"," ","C.Bordeanu,Gy.Gyurky,Z.Halasz,T.Szucs,G.G.Kiss,Z.Elekes,J.Farkas,Zs.Fulop,E.Somorjai","2013","Nuclear Physics,Section A 908,1 (2013); Report containing conference proc.: AIP-1491 281 (2012)"
"D4289002","D4289.x4","He-3","A,G","CS","S-factor Cross section for 3He(alpha,gamma)7Be","1.473","2.527","5"," ","C.Bordeanu,Gy.Gyurky,Z.Halasz,T.Szucs,G.G.Kiss,Z.Elekes,J.Farkas,Zs.Fulop,E.Somorjai","2013","Nuclear Physics,Section A 908,1 (2013); Report containing conference proc.: AIP-1491 281 (2012)"
"D4289002","D4289.x4","He-3","A,G","CS","S-factor Cross section for 3He(alpha,gamma)7Be","1.473","2.527","5"," ","C.Bordeanu,Gy.Gyurky,Z.Halasz,T.Szucs,G.G.Kiss,Z.Elekes,J.Farkas,Zs.Fulop,E.Somorjai","2013","Nuclear Physics,Section A 908,1 (2013); Report containing conference proc.: AIP-1491 281 (2012)"
"D4331002","D4331.x4","He-3","A,G","CS","S-factor Cross section for 3He(alpha,gamma)7Be","0.0","0.023","2"," ","M.P.Takacs,D.Bemmerer,T.Szucs,K.Zuber","2015","Physical Review,Part D,Particles and Fields 91,123526 (2015)"
"D4331002","D4331.x4","He-3","A,G","CS","S-factor Cross section for 3He(alpha,gamma)7Be","0.0","0.023","2"," ","M.P.Takacs,D.Bemmerer,T.Szucs,K.Zuber","2015","Physical Review,Part D,Particles and Fields 91,123526 (2015)"
"E2225004","E2225.x4","He-3","A,EL","DA","Differential c/s with respect to angle for 3He(alpha,Elastic)3He","27.5","27.5","20"," ","R.Chiba,H.E.Conzett,H.Morinaga,N.Mutsuro,K.Shoda,M.Kimura","1961","Journal of the Physical Society of Japan 16,1077 (1961)"
"E2225005","E2225.x4","He-3","A,EL","DA","Differential c/s with respect to angle for 3He(alpha,Elastic)3He","28.5","28.5","21"," ","R.Chiba,H.E.Conzett,H.Morinaga,N.Mutsuro,K.Shoda,M.Kimura","1961","Journal of the Physical Society of Japan 16,1077 (1961)"
"E2225006","E2225.x4","He-3","A,EL","DA","Differential c/s with respect to angle for 3He(alpha,Elastic)3He","29.4","29.4","13"," ","R.Chiba,H.E.Conzett,H.Morinaga,N.Mutsuro,K.Shoda,M.Kimura","1961","Journal of the Physical Society of Japan 16,1077 (1961)"
"E2225014","E2225.x4","He-3","A,P","DA","Partial differential cross section d/dA for 3He(alpha,p)6Li","27.5","27.5","7"," ","R.Chiba,H.E.Conzett,H.Morinaga,N.Mutsuro,K.Shoda,M.Kimura","1961","Journal of the Physical Society of Japan 16,1077 (1961)"
"E2225015","E2225.x4","He-3","A,P","DA","Partial differential cross section d/dA for 3He(alpha,p)6Li","27.5","27.5","2"," ","R.Chiba,H.E.Conzett,H.Morinaga,N.Mutsuro,K.Shoda,M.Kimura","1961","Journal of the Physical Society of Japan 16,1077 (1961)"
"E2225016","E2225.x4","He-3","A,P","DA","Partial differential cross section d/dA for 3He(alpha,p)6Li","28.5","28.5","6"," ","R.Chiba,H.E.Conzett,H.Morinaga,N.Mutsuro,K.Shoda,M.Kimura","1961","Journal of the Physical Society of Japan 16,1077 (1961)"
"E2225017","E2225.x4","He-3","A,P","DA","Partial differential cross section d/dA for 3He(alpha,p)6Li","28.5","28.5","1"," ","R.Chiba,H.E.Conzett,H.Morinaga,N.Mutsuro,K.Shoda,M.Kimura","1961","Journal of the Physical Society of Japan 16,1077 (1961)"
"O1520002","O1520.x4","He-3","A,G","CS","Cross section for 3He(alpha,gamma)7Be","0.1056","0.1056","1"," ","Gy.Gyuerky,F.Confortola,H.Costantini,A.Formicola,D.Bemmerer,R.Bonetti,C.Broggini,P.Corvisiero,Z.Elekes,Zs.Fuelop,G.Gervino,A.Guglielmetti,C.Gustavino,G.Imbriani,M.Junker,M.Laubenstein,A.Lemut,B.Limata,V.Lozza,M.Marta,R.Menegazzo,P.Prati,V.Roca,C.Rolfs,C.Rossi Alvarez,E.Somorjai,O.Straniero,F.Strieder,F.Terrasi,H.P.Trautvetter","2007","Physical Review,Part C,Nuclear Physics 75,035805 (2007); Physical Review Letters 97,122502 (2006)"
"O1520002","O1520.x4","He-3","A,G","CS","Cross section for 3He(alpha,gamma)7Be","0.1056","0.1056","1"," ","Gy.Gyuerky,F.Confortola,H.Costantini,A.Formicola,D.Bemmerer,R.Bonetti,C.Broggini,P.Corvisiero,Z.Elekes,Zs.Fuelop,G.Gervino,A.Guglielmetti,C.Gustavino,G.Imbriani,M.Junker,M.Laubenstein,A.Lemut,B.Limata,V.Lozza,M.Marta,R.Menegazzo,P.Prati,V.Roca,C.Rolfs,C.Rossi Alvarez,E.Somorjai,O.Straniero,F.Strieder,F.Terrasi,H.P.Trautvetter","2007","Physical Review,Part C,Nuclear Physics 75,035805 (2007); Physical Review Letters 97,122502 (2006)"
"O1520002","O1520.x4","He-3","A,G","CS","S-factor Cross section for 3He(alpha,gamma)7Be","0.1056","0.1056","1"," ","Gy.Gyuerky,F.Confortola,H.Costantini,A.Formicola,D.Bemmerer,R.Bonetti,C.Broggini,P.Corvisiero,Z.Elekes,Zs.Fuelop,G.Gervino,A.Guglielmetti,C.Gustavino,G.Imbriani,M.Junker,M.Laubenstein,A.Lemut,B.Limata,V.Lozza,M.Marta,R.Menegazzo,P.Prati,V.Roca,C.Rolfs,C.Rossi Alvarez,E.Somorjai,O.Straniero,F.Strieder,F.Terrasi,H.P.Trautvetter","2007","Physical Review,Part C,Nuclear Physics 75,035805 (2007); Physical Review Letters 97,122502 (2006)"
"O1520002","O1520.x4","He-3","A,G","CS","S-factor Cross section for 3He(alpha,gamma)7Be","0.1056","0.1056","1"," ","Gy.Gyuerky,F.Confortola,H.Costantini,A.Formicola,D.Bemmerer,R.Bonetti,C.Broggini,P.Corvisiero,Z.Elekes,Zs.Fuelop,G.Gervino,A.Guglielmetti,C.Gustavino,G.Imbriani,M.Junker,M.Laubenstein,A.Lemut,B.Limata,V.Lozza,M.Marta,R.Menegazzo,P.Prati,V.Roca,C.Rolfs,C.Rossi Alvarez,E.Somorjai,O.Straniero,F.Strieder,F.Terrasi,H.P.Trautvetter","2007","Physical Review,Part C,Nuclear Physics 75,035805 (2007); Physical Review Letters 97,122502 (2006)"
"O1709002","O1709.x4","He-3","A,G","CS","Cross section for 3He(alpha,gamma)7Be","0.09290000000000001","0.1695","6"," ","H.Costantini,D.Bemmerer,F.Confortola,A.Formicola,Gy.Gyuerky,P.Bezzon,R.Bonetti,C.Broggini,P.Corvisiero,Z.Elekes,Zs.Fuelop,G.Gervino,A.Guglielmetti,C.Gustavino,G.Imbriani,M.Junker,M.Laubenstein,A.Lemut,B.Limata,V.Lozza,M.Marta,R.Menegazzo,P.Prati,V.Roca,C.Rolfs,C.Rossi Alvarez,E.Somorjai,O.Straniero,F.Strieder,F.Terrasi,H.P.Trautvetter","2008","Nuclear Physics,Section A 814,144 (2008); Physical Review,Part C,Nuclear Physics 75,035805 (2007); Physical Review Letters 97,122502 (2006); Physical Review,Part C,Nuclear Physics 75,065803 (2007)"
"O1709002","O1709.x4","He-3","A,G","CS","Cross section for 3He(alpha,gamma)7Be","0.09290000000000001","0.1695","6"," ","H.Costantini,D.Bemmerer,F.Confortola,A.Formicola,Gy.Gyuerky,P.Bezzon,R.Bonetti,C.Broggini,P.Corvisiero,Z.Elekes,Zs.Fuelop,G.Gervino,A.Guglielmetti,C.Gustavino,G.Imbriani,M.Junker,M.Laubenstein,A.Lemut,B.Limata,V.Lozza,M.Marta,R.Menegazzo,P.Prati,V.Roca,C.Rolfs,C.Rossi Alvarez,E.Somorjai,O.Straniero,F.Strieder,F.Terrasi,H.P.Trautvetter","2008","Nuclear Physics,Section A 814,144 (2008); Physical Review,Part C,Nuclear Physics 75,035805 (2007); Physical Review Letters 97,122502 (2006); Physical Review,Part C,Nuclear Physics 75,065803 (2007)"
"O1709002","O1709.x4","He-3","A,G","CS","S-factor Cross section for 3He(alpha,gamma)7Be","0.09290000000000001","0.1695","6"," ","H.Costantini,D.Bemmerer,F.Confortola,A.Formicola,Gy.Gyuerky,P.Bezzon,R.Bonetti,C.Broggini,P.Corvisiero,Z.Elekes,Zs.Fuelop,G.Gervino,A.Guglielmetti,C.Gustavino,G.Imbriani,M.Junker,M.Laubenstein,A.Lemut,B.Limata,V.Lozza,M.Marta,R.Menegazzo,P.Prati,V.Roca,C.Rolfs,C.Rossi Alvarez,E.Somorjai,O.Straniero,F.Strieder,F.Terrasi,H.P.Trautvetter","2008","Nuclear Physics,Section A 814,144 (2008); Physical Review,Part C,Nuclear Physics 75,035805 (2007); Physical Review Letters 97,122502 (2006); Physical Review,Part C,Nuclear Physics 75,065803 (2007)"
"O1709002","O1709.x4","He-3","A,G","CS","S-factor Cross section for 3He(alpha,gamma)7Be","0.09290000000000001","0.1695","6"," ","H.Costantini,D.Bemmerer,F.Confortola,A.Formicola,Gy.Gyuerky,P.Bezzon,R.Bonetti,C.Broggini,P.Corvisiero,Z.Elekes,Zs.Fuelop,G.Gervino,A.Guglielmetti,C.Gustavino,G.Imbriani,M.Junker,M.Laubenstein,A.Lemut,B.Limata,V.Lozza,M.Marta,R.Menegazzo,P.Prati,V.Roca,C.Rolfs,C.Rossi Alvarez,E.Somorjai,O.Straniero,F.Strieder,F.Terrasi,H.P.Trautvetter","2008","Nuclear Physics,Section A 814,144 (2008); Physical Review,Part C,Nuclear Physics 75,035805 (2007); Physical Review Letters 97,122502 (2006); Physical Review,Part C,Nuclear Physics 75,065803 (2007)"
"O1709003","O1709.x4","He-3","A,G","CS","Cross section for 3He(alpha,gamma)7Be","0.0933","0.1701","3"," ","H.Costantini,D.Bemmerer,F.Confortola,A.Formicola,Gy.Gyuerky,P.Bezzon,R.Bonetti,C.Broggini,P.Corvisiero,Z.Elekes,Zs.Fuelop,G.Gervino,A.Guglielmetti,C.Gustavino,G.Imbriani,M.Junker,M.Laubenstein,A.Lemut,B.Limata,V.Lozza,M.Marta,R.Menegazzo,P.Prati,V.Roca,C.Rolfs,C.Rossi Alvarez,E.Somorjai,O.Straniero,F.Strieder,F.Terrasi,H.P.Trautvetter","2008","Nuclear Physics,Section A 814,144 (2008); Physical Review,Part C,Nuclear Physics 75,035805 (2007); Physical Review Letters 97,122502 (2006); Physical Review,Part C,Nuclear Physics 75,065803 (2007)"
"O1709003","O1709.x4","He-3","A,G","CS","Cross section for 3He(alpha,gamma)7Be","0.0933","0.1701","3"," ","H.Costantini,D.Bemmerer,F.Confortola,A.Formicola,Gy.Gyuerky,P.Bezzon,R.Bonetti,C.Broggini,P.Corvisiero,Z.Elekes,Zs.Fuelop,G.Gervino,A.Guglielmetti,C.Gustavino,G.Imbriani,M.Junker,M.Laubenstein,A.Lemut,B.Limata,V.Lozza,M.Marta,R.Menegazzo,P.Prati,V.Roca,C.Rolfs,C.Rossi Alvarez,E.Somorjai,O.Straniero,F.Strieder,F.Terrasi,H.P.Trautvetter","2008","Nuclear Physics,Section A 814,144 (2008); Physical Review,Part C,Nuclear Physics 75,035805 (2007); Physical Review Letters 97,122502 (2006); Physical Review,Part C,Nuclear Physics 75,065803 (2007)"
"O1709003","O1709.x4","He-3","A,G","CS","S-factor Cross section for 3He(alpha,gamma)7Be","0.0933","0.1701","3"," ","H.Costantini,D.Bemmerer,F.Confortola,A.Formicola,Gy.Gyuerky,P.Bezzon,R.Bonetti,C.Broggini,P.Corvisiero,Z.Elekes,Zs.Fuelop,G.Gervino,A.Guglielmetti,C.Gustavino,G.Imbriani,M.Junker,M.Laubenstein,A.Lemut,B.Limata,V.Lozza,M.Marta,R.Menegazzo,P.Prati,V.Roca,C.Rolfs,C.Rossi Alvarez,E.Somorjai,O.Straniero,F.Strieder,F.Terrasi,H.P.Trautvetter","2008","Nuclear Physics,Section A 814,144 (2008); Physical Review,Part C,Nuclear Physics 75,035805 (2007); Physical Review Letters 97,122502 (2006); Physical Review,Part C,Nuclear Physics 75,065803 (2007)"
"O1709003","O1709.x4","He-3","A,G","CS","S-factor Cross section for 3He(alpha,gamma)7Be","0.0933","0.1701","3"," ","H.Costantini,D.Bemmerer,F.Confortola,A.Formicola,Gy.Gyuerky,P.Bezzon,R.Bonetti,C.Broggini,P.Corvisiero,Z.Elekes,Zs.Fuelop,G.Gervino,A.Guglielmetti,C.Gustavino,G.Imbriani,M.Junker,M.Laubenstein,A.Lemut,B.Limata,V.Lozza,M.Marta,R.Menegazzo,P.Prati,V.Roca,C.Rolfs,C.Rossi Alvarez,E.Somorjai,O.Straniero,F.Strieder,F.Terrasi,H.P.Trautvetter","2008","Nuclear Physics,Section A 814,144 (2008); Physical Review,Part C,Nuclear Physics 75,035805 (2007); Physical Review Letters 97,122502 (2006); Physical Review,Part C,Nuclear Physics 75,065803 (2007)"
"O1709004","O1709.x4","He-3","A,G","CS","Partial cross section for 3He(alpha,gamma)7Be","0.0933","0.1701","6"," ","H.Costantini,D.Bemmerer,F.Confortola,A.Formicola,Gy.Gyuerky,P.Bezzon,R.Bonetti,C.Broggini,P.Corvisiero,Z.Elekes,Zs.Fuelop,G.Gervino,A.Guglielmetti,C.Gustavino,G.Imbriani,M.Junker,M.Laubenstein,A.Lemut,B.Limata,V.Lozza,M.Marta,R.Menegazzo,P.Prati,V.Roca,C.Rolfs,C.Rossi Alvarez,E.Somorjai,O.Straniero,F.Strieder,F.Terrasi,H.P.Trautvetter","2008","Nuclear Physics,Section A 814,144 (2008); Physical Review,Part C,Nuclear Physics 75,035805 (2007); Physical Review Letters 97,122502 (2006); Physical Review,Part C,Nuclear Physics 75,065803 (2007)"
"O1709004","O1709.x4","He-3","A,G","CS","Partial cross section for 3He(alpha,gamma)7Be","0.0933","0.1701","6"," ","H.Costantini,D.Bemmerer,F.Confortola,A.Formicola,Gy.Gyuerky,P.Bezzon,R.Bonetti,C.Broggini,P.Corvisiero,Z.Elekes,Zs.Fuelop,G.Gervino,A.Guglielmetti,C.Gustavino,G.Imbriani,M.Junker,M.Laubenstein,A.Lemut,B.Limata,V.Lozza,M.Marta,R.Menegazzo,P.Prati,V.Roca,C.Rolfs,C.Rossi Alvarez,E.Somorjai,O.Straniero,F.Strieder,F.Terrasi,H.P.Trautvetter","2008","Nuclear Physics,Section A 814,144 (2008); Physical Review,Part C,Nuclear Physics 75,035805 (2007); Physical Review Letters 97,122502 (2006); Physical Review,Part C,Nuclear Physics 75,065803 (2007)"
"O2058002","O2058.x4","He-3","A,G","CS","Cross section for 3He(alpha,gamma)7Be","1.054","2.8040000000000003","6"," ","M.Carmona-Gallardo,B.S.Nara Singh,M.J.G.Borge,J.A.Briz,M.Cubero,B.R.Fulton,H.Fynbo,N.Gordillo,M.Hass,G.Haquin,A.Maira,E.Nacher,Y.Nir-El,V.Kumar,J.Mcgrath,A.Munoz-Martin,A.Perea,V.Pesudo,G.Ribeiro,J.Sanchez Del Rio,O.Tengblad,R.Yaniv,Z.Yungreis","2012","Physical Review,Part C,Nuclear Physics 86,032801 (2012)"
"O2058002","O2058.x4","He-3","A,G","CS","Cross section for 3He(alpha,gamma)7Be","1.054","2.8040000000000003","6"," ","M.Carmona-Gallardo,B.S.Nara Singh,M.J.G.Borge,J.A.Briz,M.Cubero,B.R.Fulton,H.Fynbo,N.Gordillo,M.Hass,G.Haquin,A.Maira,E.Nacher,Y.Nir-El,V.Kumar,J.Mcgrath,A.Munoz-Martin,A.Perea,V.Pesudo,G.Ribeiro,J.Sanchez Del Rio,O.Tengblad,R.Yaniv,Z.Yungreis","2012","Physical Review,Part C,Nuclear Physics 86,032801 (2012)"
"O2058002","O2058.x4","He-3","A,G","CS","S-factor Cross section for 3He(alpha,gamma)7Be","1.054","2.8040000000000003","6"," ","M.Carmona-Gallardo,B.S.Nara Singh,M.J.G.Borge,J.A.Briz,M.Cubero,B.R.Fulton,H.Fynbo,N.Gordillo,M.Hass,G.Haquin,A.Maira,E.Nacher,Y.Nir-El,V.Kumar,J.Mcgrath,A.Munoz-Martin,A.Perea,V.Pesudo,G.Ribeiro,J.Sanchez Del Rio,O.Tengblad,R.Yaniv,Z.Yungreis","2012","Physical Review,Part C,Nuclear Physics 86,032801 (2012)"
"O2058002","O2058.x4","He-3","A,G","CS","S-factor Cross section for 3He(alpha,gamma)7Be","1.054","2.8040000000000003","6"," ","M.Carmona-Gallardo,B.S.Nara Singh,M.J.G.Borge,J.A.Briz,M.Cubero,B.R.Fulton,H.Fynbo,N.Gordillo,M.Hass,G.Haquin,A.Maira,E.Nacher,Y.Nir-El,V.Kumar,J.Mcgrath,A.Munoz-Martin,A.Perea,V.Pesudo,G.Ribeiro,J.Sanchez Del Rio,O.Tengblad,R.Yaniv,Z.Yungreis","2012","Physical Review,Part C,Nuclear Physics 86,032801 (2012)"
"T0051002","T0051.x4","He-3","A,G","CS","Partial cross section for 3He(alpha,gamma)7Be","1.3","1.3","2"," ","T.K.Alexander,G.C.Ball,W.N.Lennard,H.Geissel,H.B.Mak","1984","Nuclear Physics,Section A 427,(3),526 (1984)"
"T0051002","T0051.x4","He-3","A,G","CS","Partial cross section for 3He(alpha,gamma)7Be","1.3","1.3","2"," ","T.K.Alexander,G.C.Ball,W.N.Lennard,H.Geissel,H.B.Mak","1984","Nuclear Physics,Section A 427,(3),526 (1984)"
